genre	film_title_de	film_title_original	film_year	article	familiarity
Abenteuer	Indiana Jones und der Tempel des Todes	Indiana Jones and the Temple of Doom	1984	Indiana_Jones_and_the_Temple_of_Doom	1
Abenteuer	King Kong und die weiße Frau	King Kong	1933	King_Kong_(1933_film)	2
Abenteuer	King Kong	King Kong	2005	King_Kong_(2005_film)	2
Abenteuer	Der Schatz der Sierra Madre	The Treasure of the Sierra Madre	1948	The_Treasure_of_the_Sierra_Madre_(film)	3
Abenteuer	Beim Sterben ist jeder der Erste	Deliverance	1972	Deliverance	3
Abenteuer	Die Höllenfahrt der Poseidon	The Poseidon Adventure	1972	The_Poseidon_Adventure_(1972_film)	3
Abenteuer	Flammendes Inferno	The Towering Inferno	1974	The_Towering_Inferno	2
Abenteuer	Gesprengte Ketten	The Great Escape	1963	The_Great_Escape_(film)	2
Abenteuer	Die Abenteuer von Tim und Struppi – Das Geheimnis der Einhorn	The Adventures of Tintin	2011	The_Adventures_of_Tintin_(film)	2
Abenteuer	Das Dschungelbuch	The Jungle Book	1967	The_Jungle_Book_(1967_film)	1
Abenteuer	Vaiana	Moana	2016	Moana_(2016_film)	2
Abenteuer	Oben	Up	2009	Up_(2009_film)	2
Abenteuer	Wo die wilden Menschen jagen	Hunt for the Wilderpeople	2016	Hunt_for_the_Wilderpeople	4
Abenteuer	Auf der Jagd nach dem Juwel vom Nil	The Jewel of the Nile	1985	The_Jewel_of_the_Nile	3
Abenteuer	The Lost City – Das Geheimnis der verlorenen Stadt	The Lost City	2022	The_Lost_City_(2022_film)	2
Abenteuer	Die versunkene Stadt Z	The Lost City of Z	2016	The_Lost_City_of_Z_(film)	3
Abenteuer	Everest	Everest	2015	Everest_(2015_film)	2
Abenteuer	Das erstaunliche Leben des Walter Mitty	The Secret Life of Walter Mitty	2013	The_Secret_Life_of_Walter_Mitty_(2013_film)	2
Abenteuer	Kon-Tiki	Kon-Tiki	2012	Kon-Tiki_(2012_film)	3
Abenteuer	The Aeronauts	The Aeronauts	2019	The_Aeronauts_(film)	4
Action	Mad Max II – Der Vollstrecker	Mad Max 2	1981	Mad_Max_2	2
Action	Mad Max: Fury Road	Mad Max: Fury Road	2015	Mad_Max:_Fury_Road	2
Action	Top Gun – Sie fürchten weder Tod noch Teufel	Top Gun	1986	Top_Gun	1
Action	Top Gun: Maverick	Top Gun: Maverick	2022	Top_Gun:_Maverick	2
Action	Stirb langsam 4.0	Live Free or Die Hard	2007	Live_Free_or_Die_Hard	2
Action	Dredd	Dredd	2012	Dredd	3
Action	Tyler Rake: Extraction	Extraction	2020	Extraction_(2020_film)	2
Action	Nobody	Nobody	2021	Nobody_(2021_film)	3
Action	Baby Driver	Baby Driver	2017	Baby_Driver	2
Action	Atomic Blonde	Atomic Blonde	2017	Atomic_Blonde	3
Action	The Equalizer	The Equalizer	2014	The_Equalizer_(film)	2
Action	Sicario	Sicario	2015	Sicario_(2015_film)	3
Action	Fast & Furious Five	Fast Five	2011	Fast_Five	2
Action	Brennpunkt Brooklyn	The French Connection	1971	The_French_Connection_(film)	3
Action	Bullitt	Bullitt	1968	Bullitt	3
Action	Stoppt die Todesfahrt der U-Bahn 123	The Taking of Pelham One Two Three	1974	The_Taking_of_Pelham_One_Two_Three_(1974_film)	4
Action	Der Zug	The Train	1964	The_Train_(1964_film)	4
Action	Driver	The Driver	1978	The_Driver	4
Action	Haywire	Haywire	2011	Haywire_(2011_film)	4
Action	Wer ist Hanna?	Hanna	2011	Hanna_(film)	3
Drama	Moonlight	Moonlight	2016	Moonlight_(2016_film)	2
Drama	Spotlight	Spotlight	2015	Spotlight_(film)	2
Drama	Nomadland	Nomadland	2020	Nomadland_(film)	2
Drama	Minari – Wo wir Wurzeln schlagen	Minari	2020	Minari_(film)	3
Drama	The Father	The Father	2020	The_Father_(2020_film)	2
Drama	Aftersun	Aftersun	2022	Aftersun	3
Drama	Past Lives – In einem anderen Leben	Past Lives	2023	Past_Lives_(film)	3
Drama	Anatomie eines Falls	Anatomie d'une chute	2023	Anatomy_of_a_Fall	2
Drama	Drive My Car	Doraibu mai kā	2021	Drive_My_Car_(film)	3
Drama	Perfect Days	Perfect Days	2023	Perfect_Days	2
Drama	Shoplifters – Familienbande	Manbiki Kazoku	2018	Shoplifters_(film)	3
Drama	Fahrraddiebe	Ladri di biciclette	1948	Bicycle_Thieves	3
Drama	City of God	Cidade de Deus	2002	City_of_God_(2002_film)	2
Drama	Central Station	Central do Brasil	1998	Central_Station_(film)	3
Drama	Nader und Simin – Eine Trennung	Jodāyi-e Nāder az Simin	2011	A_Separation	3
Drama	Lunchbox	The Lunchbox	2013	The_Lunchbox	3
Drama	Die Jagd	Jagten	2012	The_Hunt_(2012_film)	3
Drama	The Florida Project	The Florida Project	2017	The_Florida_Project	4
Drama	Eine Frau unter Einfluss	A Woman Under the Influence	1974	A_Woman_Under_the_Influence	4
Drama	Die letzte Vorstellung	The Last Picture Show	1971	The_Last_Picture_Show	3
Fantasy	Chihiros Reise ins Zauberland	Sen to Chihiro no Kamikakushi	2001	Spirited_Away	2
Fantasy	Mein Nachbar Totoro	Tonari no Totoro	1988	My_Neighbor_Totoro	2
Fantasy	Prinzessin Mononoke	Mononoke Hime	1997	Princess_Mononoke	2
Fantasy	Das wandelnde Schloss	Hauru no Ugoku Shiro	2004	Howl's_Moving_Castle_(film)	2
Fantasy	Kikis kleiner Lieferservice	Majo no Takkyūbin	1989	Kiki's_Delivery_Service	3
Fantasy	Pinocchio	Pinocchio	1940	Pinocchio_(1940_film)	1
Fantasy	Schneewittchen und die sieben Zwerge	Snow White and the Seven Dwarfs	1937	Snow_White_and_the_Seven_Dwarfs_(1937_film)	1
Fantasy	Die Schöne und das Biest	Beauty and the Beast	1991	Beauty_and_the_Beast_(1991_film)	1
Fantasy	Aladdin	Aladdin	1992	Aladdin_(1992_Disney_film)	1
Fantasy	Coraline	Coraline	2009	Coraline_(film)	3
Fantasy	Big Fish	Big Fish	2003	Big_Fish	2
Fantasy	Pleasantville – Zu schön, um wahr zu sein	Pleasantville	1998	Pleasantville_(film)	3
Fantasy	The Fall	The Fall	2006	The_Fall_(2006_film)	4
Fantasy	A Ghost Story	A Ghost Story	2017	A_Ghost_Story	4
Fantasy	The Green Knight	The Green Knight	2021	The_Green_Knight_(film)	3
Fantasy	Wolfwalkers	Wolfwalkers	2020	Wolfwalkers	4
Fantasy	Die Melodie des Meeres	Song of the Sea	2014	Song_of_the_Sea_(2014_film)	4
Fantasy	Das Geheimnis von Kells	The Secret of Kells	2009	The_Secret_of_Kells	4
Fantasy	Das Märchen der Märchen	Il racconto dei racconti	2015	Tale_of_Tales_(2015_film)	4
Fantasy	Orlando	Orlando	1992	Orlando_(film)	3
Horror	Hereditary – Das Vermächtnis	Hereditary	2018	Hereditary_(film)	3
Horror	Midsommar	Midsommar	2019	Midsommar	3
Horror	The Witch	The Witch	2015	The_Witch_(2015_film)	3
Horror	Der Leuchtturm	The Lighthouse	2019	The_Lighthouse_(2019_film)	3
Horror	It Follows	It Follows	2014	It_Follows	3
Horror	Der Babadook	The Babadook	2014	The_Babadook	3
Horror	Suspiria	Suspiria	1977	Suspiria	3
Horror	Schloss des Schreckens	The Innocents	1961	The_Innocents_(1961_film)	4
Horror	Rosemaries Baby	Rosemary's Baby	1968	Rosemary's_Baby_(film)	2
Horror	Bis das Blut gefriert	The Haunting	1963	The_Haunting_(1963_film)	4
Horror	So finster die Nacht	Låt den rätte komma in	2008	Let_the_Right_One_In_(film)	3
Horror	[REC]	REC	2007	Rec_(film)	3
Horror	Audition	Ōdishon	1999	Audition_(1999_film)	4
Horror	A Tale of Two Sisters	Janghwa, Hongryeon	2003	A_Tale_of_Two_Sisters	4
Horror	Die Stunde, wenn Dracula kommt	La maschera del demonio	1960	Black_Sunday_(1960_film)	4
Horror	Augen der Angst	Peeping Tom	1960	Peeping_Tom_(1960_film)	4
Horror	Die Nacht der lebenden Toten	Night of the Living Dead	1968	Night_of_the_Living_Dead	2
Horror	Zombie	Dawn of the Dead	1978	Dawn_of_the_Dead_(1978_film)	3
Horror	Die Fliege	The Fly	1958	The_Fly_(1958_film)	3
Horror	Die Teufel	The Devils	1971	The_Devils_(film)	4
Komödie	The Death of Stalin	The Death of Stalin	2017	The_Death_of_Stalin	3
Komödie	Jojo Rabbit	Jojo Rabbit	2019	Jojo_Rabbit	2
Komödie	5 Zimmer Küche Sarg	What We Do in the Shadows	2014	What_We_Do_in_the_Shadows	3
Komödie	Best in Show	Best in Show	2000	Best_in_Show_(film)	4
Komödie	Waiting for Guffman	Waiting for Guffman	1996	Waiting_for_Guffman	4
Komödie	Die unglaubliche Reise in einem verrückten Raumschiff	Airplane II: The Sequel	1982	Airplane_II:_The_Sequel	3
Komödie	Playtime	Playtime	1967	Playtime	3
Komödie	Mein Onkel	Mon Oncle	1958	Mon_Oncle	3
Komödie	Tatis Schützenfest	Jour de fête	1949	Jour_de_fête	4
Komödie	Dinner für Spinner	Le Dîner de Cons	1998	Le_Dîner_de_Cons_(film)	3
Komödie	Ziemlich beste Freunde	Intouchables	2011	The_Intouchables	1
Komödie	Der Hundertjährige, der aus dem Fenster stieg und verschwand	Hundraåringen som klev ut genom fönstret och försvann	2013	The_Hundred-Year-Old_Man_Who_Climbed_Out_of_the_Window_and_Disappeared_(film)	2
Komödie	Toni Erdmann	Toni Erdmann	2016	Toni_Erdmann	3
Komödie	The Nice Guys	The Nice Guys	2016	The_Nice_Guys	3
Komödie	Booksmart	Booksmart	2019	Booksmart	3
Komödie	Palm Springs	Palm Springs	2020	Palm_Springs_(2020_film)	3
Komödie	Ganz oder gar nicht	The Full Monty	1997	The_Full_Monty	2
Komödie	Alles Routine	Office Space	1999	Office_Space	3
Komödie	Frühling für Hitler	The Producers	1967	The_Producers_(1967_film)	3
Komödie	Adel verpflichtet	Kind Hearts and Coronets	1949	Kind_Hearts_and_Coronets	4
Martial Arts & Asia-Film	Die sieben Samurai	Shichinin no Samurai	1954	Seven_Samurai	2
Martial Arts & Asia-Film	Yojimbo – Der Leibwächter	Yōjinbō	1961	Yojimbo	3
Martial Arts & Asia-Film	Sanjuro	Tsubaki Sanjūrō	1962	Sanjuro	4
Martial Arts & Asia-Film	Rashomon – Das Lustwäldchen	Rashōmon	1950	Rashomon	3
Martial Arts & Asia-Film	Harakiri	Seppuku	1962	Harakiri_(1962_film)	4
Martial Arts & Asia-Film	Zatoichi – Der blinde Samurai	Zatōichi	2003	Zatoichi_(2003_film)	3
Martial Arts & Asia-Film	13 Assassins	Jūsannin no Shikaku	2010	13_Assassins_(2010_film)	4
Martial Arts & Asia-Film	Lady Snowblood	Shurayukihime	1973	Lady_Snowblood_(film)	4
Martial Arts & Asia-Film	Kill Bill – Volume 1	Kill Bill: Volume 1	2003	Kill_Bill:_Volume_1	1
Martial Arts & Asia-Film	Kill Bill – Volume 2	Kill Bill: Volume 2	2004	Kill_Bill:_Volume_2	2
Martial Arts & Asia-Film	The Raid 2	The Raid 2	2014	The_Raid_2	3
Martial Arts & Asia-Film	Chocolate	Chocolate	2008	Chocolate_(2008_film)	4
Martial Arts & Asia-Film	The Legend	Fong Sai-yuk	1993	Fong_Sai-yuk_(film)	4
Martial Arts & Asia-Film	Once Upon a Time in China	Wong Fei-hung	1991	Once_Upon_a_Time_in_China	3
Martial Arts & Asia-Film	Iron Monkey	Siu nin Wong Fei-hung ji: Tit Ma Lau	1993	Iron_Monkey_(1993_film)	4
Martial Arts & Asia-Film	Shaolin Soccer	Siu Lam juk kau	2001	Shaolin_Soccer	3
Martial Arts & Asia-Film	A Better Tomorrow	Ying hung boon sik	1986	A_Better_Tomorrow	3
Martial Arts & Asia-Film	The Killer	Dip huet seung hung	1989	The_Killer_(1989_film)	3
Martial Arts & Asia-Film	Infernal Affairs	Mou gaan dou	2002	Infernal_Affairs	3
Martial Arts & Asia-Film	RRR	RRR	2022	RRR	3
Musik	Cabaret	Cabaret	1972	Cabaret_(1972_film)	2
Musik	Hinter dem Rampenlicht	All That Jazz	1979	All_That_Jazz_(film)	3
Musik	Fame – Der Weg zum Ruhm	Fame	1980	Fame_(1980_film)	2
Musik	Funny Girl	Funny Girl	1968	Funny_Girl_(film)	3
Musik	Ein Amerikaner in Paris	An American in Paris	1951	An_American_in_Paris_(film)	3
Musik	Die Regenschirme von Cherbourg	Les Parapluies de Cherbourg	1964	The_Umbrellas_of_Cherbourg	3
Musik	Die Mädchen von Rochefort	Les Demoiselles de Rochefort	1967	The_Young_Girls_of_Rochefort	4
Musik	Dancer in the Dark	Dancer in the Dark	2000	Dancer_in_the_Dark	3
Musik	Once	Once	2006	Once_(film)	3
Musik	Can a Song Save Your Life?	Begin Again	2013	Begin_Again_(film)	3
Musik	O Brother, Where Art Thou? – Eine Mississippi-Odyssee	O Brother, Where Art Thou?	2000	O_Brother,_Where_Art_Thou?	3
Musik	8 Mile	8 Mile	2002	8_Mile_(film)	2
Musik	Purple Rain	Purple Rain	1984	Purple_Rain_(film)	2
Musik	Stop Making Sense	Stop Making Sense	1984	Stop_Making_Sense	3
Musik	Buena Vista Social Club	Buena Vista Social Club	1999	Buena_Vista_Social_Club_(film)	2
Musik	Hedwig and the Angry Inch	Hedwig and the Angry Inch	2001	Hedwig_and_the_Angry_Inch_(film)	4
Musik	Velvet Goldmine	Velvet Goldmine	1998	Velvet_Goldmine	4
Musik	Die roten Schuhe	The Red Shoes	1948	The_Red_Shoes_(1948_film)	3
Musik	Swing Kids	Swing Kids	1993	Swing_Kids_(1993_film)	3
Musik	Sound of Metal	Sound of Metal	2019	Sound_of_Metal	3
Rom-Com	Leoparden küsst man nicht	Bringing Up Baby	1938	Bringing_Up_Baby	3
Rom-Com	Sein Mädchen für besondere Fälle	His Girl Friday	1940	His_Girl_Friday	3
Rom-Com	Die Nacht vor der Hochzeit	The Philadelphia Story	1940	The_Philadelphia_Story_(film)	3
Rom-Com	Es geschah in einer Nacht	It Happened One Night	1934	It_Happened_One_Night	3
Rom-Com	Rendezvous nach Ladenschluss	The Shop Around the Corner	1940	The_Shop_Around_the_Corner	4
Rom-Com	Bettgeflüster	Pillow Talk	1959	Pillow_Talk_(film)	3
Rom-Com	Sabrina	Sabrina	1954	Sabrina_(1954_film)	3
Rom-Com	Charade	Charade	1963	Charade_(1963_film)	3
Rom-Com	Die Falschspielerin	The Lady Eve	1941	The_Lady_Eve	4
Rom-Com	Ärger im Paradies	Trouble in Paradise	1932	Trouble_in_Paradise_(1932_film)	4
Rom-Com	Ninotschka	Ninotchka	1939	Ninotchka	3
Rom-Com	Mein Mann Godfrey	My Man Godfrey	1936	My_Man_Godfrey	4
Rom-Com	Die schreckliche Wahrheit	The Awful Truth	1937	The_Awful_Truth	4
Rom-Com	Crazy Rich	Crazy Rich Asians	2018	Crazy_Rich_Asians_(film)	2
Rom-Com	Set It Up	Set It Up	2018	Set_It_Up	3
Rom-Com	Plus One	Plus One	2019	Plus_One_(2019_film)	4
Rom-Com	Rye Lane	Rye Lane	2023	Rye_Lane	4
Rom-Com	Genug gesagt	Enough Said	2013	Enough_Said_(film)	4
Rom-Com	Obvious Child	Obvious Child	2014	Obvious_Child	4
Rom-Com	Es ist kompliziert..!	Man Up	2015	Man_Up_(film)	4
Science-Fiction	Dune	Dune	2021	Dune_(2021_film)	2
Science-Fiction	Dune: Part Two	Dune: Part Two	2024	Dune:_Part_Two	2
Science-Fiction	Everything Everywhere All at Once	Everything Everywhere All at Once	2022	Everything_Everywhere_All_at_Once	2
Science-Fiction	Tenet	Tenet	2020	Tenet_(film)	2
Science-Fiction	The Creator	The Creator	2023	The_Creator_(2023_film)	3
Science-Fiction	Auslöschung	Annihilation	2018	Annihilation_(film)	3
Science-Fiction	Coherence	Coherence	2013	Coherence_(film)	4
Science-Fiction	Primer	Primer	2004	Primer_(film)	4
Science-Fiction	Timecrimes – Mord ist nur eine Frage der Zeit	Los cronocrímenes	2007	Timecrimes	4
Science-Fiction	Beyond the Infinite Two Minutes	Droste no hate de bokura	2020	Beyond_the_Infinite_Two_Minutes	4
Science-Fiction	Die Weite der Nacht	The Vast of Night	2019	The_Vast_of_Night	4
Science-Fiction	The Man from Earth	The Man from Earth	2007	The_Man_from_Earth	4
Science-Fiction	Solaris	Solaris	2002	Solaris_(2002_film)	3
Science-Fiction	Am Rande des Rollfelds	La Jetée	1962	La_Jetée	4
Science-Fiction	Alphaville	Alphaville	1965	Alphaville_(film)	3
Science-Fiction	Der wilde Planet	La Planète sauvage	1973	Fantastic_Planet	4
Science-Fiction	Akira	Akira	1988	Akira_(1988_film)	2
Science-Fiction	Paprika	Paprika	2006	Paprika_(2006_film)	3
Science-Fiction	Das Mädchen, das durch die Zeit sprang	Toki o Kakeru Shōjo	2006	The_Girl_Who_Leapt_Through_Time_(2006_film)	3
Science-Fiction	After Yang	After Yang	2021	After_Yang	4
Thriller	Chinatown	Chinatown	1974	Chinatown_(1974_film)	2
Thriller	L.A. Confidential	L.A. Confidential	1997	L.A._Confidential_(film)	2
Thriller	Die üblichen Verdächtigen	The Usual Suspects	1995	The_Usual_Suspects	2
Thriller	No Country for Old Men	No Country for Old Men	2007	No_Country_for_Old_Men	2
Thriller	Der dritte Mann	The Third Man	1949	The_Third_Man	2
Thriller	Lohn der Angst	Le Salaire de la peur	1953	The_Wages_of_Fear	3
Thriller	Der Schakal	The Day of the Jackal	1973	The_Day_of_the_Jackal_(film)	3
Thriller	Zeuge einer Verschwörung	The Parallax View	1974	The_Parallax_View	4
Thriller	Die Unbestechlichen	All the President's Men	1976	All_the_President's_Men_(film)	2
Thriller	Der Marathon-Mann	Marathon Man	1976	Marathon_Man_(film)	3
Thriller	Klute	Klute	1971	Klute	4
Thriller	Heißblütig – Kaltblütig	Body Heat	1981	Body_Heat	3
Thriller	Der talentierte Mr. Ripley	The Talented Mr. Ripley	1999	The_Talented_Mr._Ripley_(film)	2
Thriller	A History of Violence	A History of Violence	2005	A_History_of_Violence	3
Thriller	Tödliche Versprechen – Eastern Promises	Eastern Promises	2007	Eastern_Promises	3
Thriller	Drive	Drive	2011	Drive_(2011_film)	2
Thriller	Burning	Beoning	2018	Burning_(2018_film)	4
Thriller	Die Taschendiebin	Agassi	2016	The_Handmaiden	3
Thriller	Die Frau im Nebel	Heeojil gyeolsim	2022	Decision_to_Leave	3
Thriller	The Guilty	Den skyldige	2018	The_Guilty_(2018_film)	3
Western	Der schwarze Falke	The Searchers	1956	The_Searchers	2
Western	Ringo	Stagecoach	1939	Stagecoach_(1939_film)	3
Western	Red River	Red River	1948	Red_River_(1948_film)	3
Western	Mein großer Freund Shane	Shane	1953	Shane_(film)	3
Western	Rio Bravo	Rio Bravo	1959	Rio_Bravo_(film)	2
Western	Rio Lobo	Rio Lobo	1970	Rio_Lobo	3
Western	Der Mann aus Laramie	The Man from Laramie	1955	The_Man_from_Laramie	4
Western	Winchester ’73	Winchester '73	1950	Winchester_'73	3
Western	Sacramento	Ride the High Country	1962	Ride_the_High_Country	4
Western	Man nennt mich Hondo	Hondo	1953	Hondo_(film)	3
Western	Der letzte Scharfschütze	The Shootist	1976	The_Shootist	3
Western	Ein Fremder ohne Namen	High Plains Drifter	1973	High_Plains_Drifter	3
Western	The Ballad of Buster Scruggs	The Ballad of Buster Scruggs	2018	The_Ballad_of_Buster_Scruggs	3
Western	Die Ermordung des Jesse James durch den Feigling Robert Ford	The Assassination of Jesse James by the Coward Robert Ford	2007	The_Assassination_of_Jesse_James_by_the_Coward_Robert_Ford	3
Western	The Proposition – Tödliches Angebot	The Proposition	2005	The_Proposition_(2005_film)	4
Western	The Sisters Brothers	The Sisters Brothers	2018	The_Sisters_Brothers_(film)	3
Western	The Power of the Dog	The Power of the Dog	2021	The_Power_of_the_Dog_(film)	3
Western	Slow West	Slow West	2015	Slow_West	4
Western	The Homesman	The Homesman	2014	The_Homesman	4
Western	McCabe & Mrs. Miller	McCabe & Mrs. Miller	1971	McCabe_%26_Mrs._Miller	4
