question_id,knowledge_id,language,domain,subdomain,difficulty,question_type,badge_tags,question,answer_a,answer_b,answer_c,answer_d,correct_answer,explanation_short,explanation_context,memory_anchor,verification_status
demo-001,demo-montage,de,Film / Science-Fiction,Filmhandwerk,leicht,single_choice,grundlagen,Was bezeichnet die Montage bei einem Film?,Das Zusammenfügen und Anordnen von Einstellungen,Das Befestigen der Kamera,Das Bauen eines Raumschiffs,Das Schminken der Darsteller,a,"Die Montage ordnet einzelne Einstellungen zu einer Folge. So entstehen Rhythmus, Zusammenhänge und Spannung.","Ein Blick auf eine Figur und ein anschließender Schnitt auf eine tickende Uhr können Zeitdruck vermitteln, ohne dass jemand ihn ausspricht.",Montage verbindet Bilder zu Bedeutung.,demo-redaktionell
demo-002,demo-geraeusch,de,Film / Science-Fiction,Filmhandwerk,leicht,single_choice,grundlagen,Wie heißt das nachträgliche Herstellen passender Alltagsgeräusche für einen Film?,Storyboard,Foley,Abspann,Blende,b,"Beim Foley werden Geräusche wie Schritte oder das Rascheln von Kleidung passend zum Bild nachgestellt.",,Foley macht Schritte hörbar.,demo-redaktionell
demo-003,demo-storyboard,de,Film / Science-Fiction,Filmhandwerk,leicht,single_choice,grundlagen,Was zeigt ein Storyboard?,Die Einnahmen des Films,Die Sitzplätze im Kino,Eine geplante Szene als Bildfolge,Die vollständige Tonmischung,c,"Ein Storyboard skizziert den geplanten Ablauf einer Szene in Bildern. Es hilft, Einstellungen und Bewegungen vorzubereiten.",,Das Storyboard plant den Film in Bildern.,demo-redaktionell
demo-004,demo-nahaufnahme,de,Film / Science-Fiction,Filmhandwerk,leicht,single_choice,grundlagen,Welche Einstellung eignet sich besonders dafür einen kleinen Gesichtsausdruck zu zeigen?,Eine sehr weite Landschaftsaufnahme,Eine Luftaufnahme der Stadt,Ein schwarzes Bild,Eine Nahaufnahme,d,"Eine Nahaufnahme lenkt den Blick auf Details, zum Beispiel einen unsicheren Blick oder ein kaum sichtbares Lächeln.",,Nah dran an kleinen Regungen.,demo-redaktionell
demo-005,demo-erstkontakt,de,Film / Science-Fiction,Begegnungen im All,leicht,single_choice,grundlagen,Was meint das Motiv des Erstkontakts in Science-Fiction?,Die erste Begegnung mit einer außerirdischen Zivilisation,Die erste Kinokarte,Den ersten Drehtag,Das erste Gespräch mit dem Regisseur,a,"Beim Erstkontakt begegnen Menschen einer außerirdischen Zivilisation zum ersten Mal. Verständigung und Missverständnisse sind typische Themen.","Die entscheidende Frage muss dabei nicht sein, wer stärker ist. Auch das gemeinsame Finden einer Sprache kann die Handlung tragen.",Erstkontakt beginnt mit einer Begegnung.,demo-redaktionell
demo-006,demo-terraforming,de,Film / Science-Fiction,Begegnungen im All,leicht,single_choice,grundlagen,Was soll beim Terraforming in einer Science-Fiction-Geschichte verändert werden?,Der Name eines Raumschiffs,Die Umweltbedingungen eines Himmelskörpers,Die Länge des Filmabspanns,Die Erinnerung einer Figur,b,"Terraforming bezeichnet die gedachte Umgestaltung eines Himmelskörpers, sodass er erdähnlicher oder für Menschen bewohnbar wird.","Das ist ein häufiges Zukunftsmotiv. Seine Darstellung in einer Geschichte ist kein Beleg dafür, dass es technisch umsetzbar wäre.",Terraforming formt eine Welt.,demo-redaktionell
demo-007,demo-generationenschiff,de,Film / Science-Fiction,Begegnungen im All,leicht,single_choice,grundlagen,Was kennzeichnet ein Generationenschiff?,Es wechselt nach jeder Szene die Farbe,Es reist nur eine Stunde,Mehrere Generationen leben während der Reise an Bord,Es hat keine Besatzung,c,"Eine Reise im Generationenschiff dauert so lange, dass Nachkommen der ursprünglichen Besatzung das Ziel erreichen sollen.",,Die Reise überdauert ein Menschenleben.,demo-redaktionell
demo-008,demo-kommunikation,de,Film / Science-Fiction,Begegnungen im All,leicht,single_choice,grundlagen,Eine fremde Spezies versteht keine menschliche Sprache. Welcher Schritt passt zu einer Geschichte über Verständigung?,Lauter sprechen löst sicher alles,Die eigene Sprache als universell voraussetzen,Alle Signale ignorieren,Nach gemeinsam erkennbaren Mustern suchen,d,"Wiederkehrende Muster können in einer Geschichte einen ersten Ansatz zur Verständigung liefern. Gemeinsame Bedeutung muss trotzdem erst hergestellt werden.",,Ein Muster ist ein Anfang und noch keine Übersetzung.,demo-redaktionell
demo-009,demo-dystopie,de,Film / Science-Fiction,Zukunft & Gesellschaft,leicht,single_choice,grundlagen,Was ist eine Dystopie?,Der Entwurf einer bedrückenden Gesellschaft,Eine Anleitung zum Filmen,Ein besonders kurzes Raumschiff,Ein Film ohne Figuren,a,"Eine Dystopie entwirft eine bedrückende Gesellschaft. Sie kann zum Beispiel durch Überwachung, Unterdrückung oder extreme Ungleichheit geprägt sein.","Dystopien können gegenwärtige Entwicklungen zuspitzen. Sie sind erzählerische Entwürfe und keine sicheren Vorhersagen.",Dystopie: eine Zukunft als Warnbild.,demo-redaktionell
demo-010,demo-android,de,Film / Science-Fiction,Zukunft & Gesellschaft,leicht,single_choice,grundlagen,Was wird in Science-Fiction gewöhnlich als Android bezeichnet?,Ein fremder Planet,Ein menschenähnlicher künstlicher Körper beziehungsweise Roboter,Eine Zeitschleife,Ein Raumanzug,b,"Ein Android ist ein menschenähnlicher Roboter. Geschichten nutzen ihn oft, um Fragen nach Identität und Menschlichkeit zu stellen.",,Android: künstlich und menschenähnlich.,demo-redaktionell
demo-011,demo-zeitschleife,de,Film / Science-Fiction,Zukunft & Gesellschaft,leicht,single_choice,grundlagen,Was ist das typische erzählerische Muster einer Zeitschleife?,Jede Szene spielt auf einem anderen Planeten,Es gibt keine Vergangenheit,Ein Zeitabschnitt wiederholt sich,Alle Figuren altern gleichzeitig rückwärts,c,"In einer Zeitschleife wiederholt sich ein Zeitabschnitt. Oft kann eine Figur aus vorigen Durchläufen lernen, während andere die Wiederholung nicht bemerken.",,Gleiche Zeit – neue Erfahrung.,demo-redaktionell
demo-012,demo-kontrafaktisch,de,Film / Science-Fiction,Zukunft & Gesellschaft,leicht,single_choice,grundlagen,Eine Geschichte fragt wie die Welt nach einem anders verlaufenen historischen Ereignis aussähe. Welches Motiv ist das?,Eine Naturdokumentation,Eine unveränderte Chronik,Eine Kameraprobe,Eine alternative Geschichte,d,"Alternative Geschichte verändert ein historisches Ereignis und erkundet eine andere Entwicklung. Der veränderte Verlauf ist Teil der Fiktion.",,Ein anderes Ereignis öffnet eine andere Geschichte.,demo-redaktionell
