category	entry	title	original	year	reason
Abenteuer	1	Die erste Fahrt zum Mond	First Men in the Moon	1964	Erweitert die Abenteuerauswahl um Expeditionen, Entdeckungen und Entscheidungen in unbekannten Welten.
Abenteuer	2	Sindbads gefährliche Abenteuer	The Golden Voyage of Sinbad	1973	Erweitert die Abenteuerauswahl um Expeditionen, Entdeckungen und Entscheidungen in unbekannten Welten.
Abenteuer	3	Sindbad und das Auge des Tigers	Sinbad and the Eye of the Tiger	1977	Erweitert die Abenteuerauswahl um Expeditionen, Entdeckungen und Entscheidungen in unbekannten Welten.
Abenteuer	4	Der Wind und der Löwe	The Wind and the Lion	1975	Erweitert die Abenteuerauswahl um Expeditionen, Entdeckungen und Entscheidungen in unbekannten Welten.
Abenteuer	5	Land der schwarzen Sonne	Mountains of the Moon	1990	Erweitert die Abenteuerauswahl um Expeditionen, Entdeckungen und Entscheidungen in unbekannten Welten.
Abenteuer	6	In einem fernen Land	Far and Away	1992	Erweitert die Abenteuerauswahl um Expeditionen, Entdeckungen und Entscheidungen in unbekannten Welten.
Abenteuer	7	Hidalgo – 3000 Meilen zum Ruhm	Hidalgo	2004	Erweitert die Abenteuerauswahl um Expeditionen, Entdeckungen und Entscheidungen in unbekannten Welten.
Abenteuer	8	Sahara – Abenteuer in der Wüste	Sahara	2005	Erweitert die Abenteuerauswahl um Expeditionen, Entdeckungen und Entscheidungen in unbekannten Welten.
Abenteuer	9	Das Vermächtnis des geheimen Buches	National Treasure: Book of Secrets	2007	Erweitert die Abenteuerauswahl um Expeditionen, Entdeckungen und Entscheidungen in unbekannten Welten.
Abenteuer	10	Die Mumie kehrt zurück	The Mummy Returns	2001	Erweitert die Abenteuerauswahl um Expeditionen, Entdeckungen und Entscheidungen in unbekannten Welten.
Abenteuer	11	Die Mumie: Das Grabmal des Drachenkaisers	The Mummy: Tomb of the Dragon Emperor	2008	Erweitert die Abenteuerauswahl um Expeditionen, Entdeckungen und Entscheidungen in unbekannten Welten.
Abenteuer	12	Die Geheimnisse der Spiderwicks	The Spiderwick Chronicles	2008	Erweitert die Abenteuerauswahl um Expeditionen, Entdeckungen und Entscheidungen in unbekannten Welten.
Abenteuer	13	Die Insel der Abenteuer	Nim’s Island	2008	Erweitert die Abenteuerauswahl um Expeditionen, Entdeckungen und Entscheidungen in unbekannten Welten.
Abenteuer	14	Die Reise zum Mittelpunkt der Erde	Journey to the Center of the Earth	2008	Erweitert die Abenteuerauswahl um Expeditionen, Entdeckungen und Entscheidungen in unbekannten Welten.
Abenteuer	15	Die Reise zur geheimnisvollen Insel	Journey 2: The Mysterious Island	2012	Erweitert die Abenteuerauswahl um Expeditionen, Entdeckungen und Entscheidungen in unbekannten Welten.
Abenteuer	16	Die Wikinger	The Vikings	1958	Erweitert die Abenteuerauswahl um Expeditionen, Entdeckungen und Entscheidungen in unbekannten Welten.
Abenteuer	17	Auf Messers Schneide – Rivalen am Abgrund	The Edge	1997	Erweitert die Abenteuerauswahl um Expeditionen, Entdeckungen und Entscheidungen in unbekannten Welten.
Abenteuer	18	Der Herr der sieben Meere	The Sea Hawk	1940	Erweitert die Abenteuerauswahl um Expeditionen, Entdeckungen und Entscheidungen in unbekannten Welten.
Abenteuer	19	Quatermain: Auf der Suche nach dem Schatz der Könige	King Solomon’s Mines	1985	Erweitert die Abenteuerauswahl um Expeditionen, Entdeckungen und Entscheidungen in unbekannten Welten.
Abenteuer	20	Die drei Musketiere	The Three Musketeers	1993	Erweitert die Abenteuerauswahl um Expeditionen, Entdeckungen und Entscheidungen in unbekannten Welten.
Action	21	Tödliche Weihnachten	The Long Kiss Goodnight	1996	Erweitert die Actionauswahl um Konflikte, Rettungsentscheidungen und die Inszenierung riskanter Einsätze.
Action	22	Verhandlungssache	The Negotiator	1998	Erweitert die Actionauswahl um Konflikte, Rettungsentscheidungen und die Inszenierung riskanter Einsätze.
Action	23	Payback – Zahltag	Payback	1999	Erweitert die Actionauswahl um Konflikte, Rettungsentscheidungen und die Inszenierung riskanter Einsätze.
Action	24	Crimson Tide – In tiefster Gefahr	Crimson Tide	1995	Erweitert die Actionauswahl um Konflikte, Rettungsentscheidungen und die Inszenierung riskanter Einsätze.
Action	25	Projekt: Peacemaker	The Peacemaker	1997	Erweitert die Actionauswahl um Konflikte, Rettungsentscheidungen und die Inszenierung riskanter Einsätze.
Action	26	Einsame Entscheidung	Executive Decision	1996	Erweitert die Actionauswahl um Konflikte, Rettungsentscheidungen und die Inszenierung riskanter Einsätze.
Action	27	Harte Ziele	Hard Target	1993	Erweitert die Actionauswahl um Konflikte, Rettungsentscheidungen und die Inszenierung riskanter Einsätze.
Action	28	Universal Soldier	Universal Soldier	1992	Erweitert die Actionauswahl um Konflikte, Rettungsentscheidungen und die Inszenierung riskanter Einsätze.
Action	29	Cliffhanger – Nur die Starken überleben	Cliffhanger	1993	Erweitert die Actionauswahl um Konflikte, Rettungsentscheidungen und die Inszenierung riskanter Einsätze.
Action	30	Eraser	Eraser	1996	Erweitert die Actionauswahl um Konflikte, Rettungsentscheidungen und die Inszenierung riskanter Einsätze.
Action	31	Smokin’ Aces	Smokin' Aces	2006	Erweitert die Actionauswahl um Konflikte, Rettungsentscheidungen und die Inszenierung riskanter Einsätze.
Action	32	Wanted	Wanted	2008	Erweitert die Actionauswahl um Konflikte, Rettungsentscheidungen und die Inszenierung riskanter Einsätze.
Action	33	Kick-Ass	Kick-Ass	2010	Erweitert die Actionauswahl um Konflikte, Rettungsentscheidungen und die Inszenierung riskanter Einsätze.
Action	34	The Accountant	The Accountant	2016	Erweitert die Actionauswahl um Konflikte, Rettungsentscheidungen und die Inszenierung riskanter Einsätze.
Action	35	The Equalizer 2	The Equalizer 2	2018	Erweitert die Actionauswahl um Konflikte, Rettungsentscheidungen und die Inszenierung riskanter Einsätze.
Action	36	The Equalizer 3	The Equalizer 3	2023	Erweitert die Actionauswahl um Konflikte, Rettungsentscheidungen und die Inszenierung riskanter Einsätze.
Action	37	Auf der Jagd	U.S. Marshals	1998	Erweitert die Actionauswahl um Konflikte, Rettungsentscheidungen und die Inszenierung riskanter Einsätze.
Action	38	Déjà Vu – Wettlauf gegen die Zeit	Déjà Vu	2006	Erweitert die Actionauswahl um Konflikte, Rettungsentscheidungen und die Inszenierung riskanter Einsätze.
Action	39	Der Staatsfeind Nr. 1	Enemy of the State	1998	Erweitert die Actionauswahl um Konflikte, Rettungsentscheidungen und die Inszenierung riskanter Einsätze.
Action	40	Gesetz der Rache	Law Abiding Citizen	2009	Erweitert die Actionauswahl um Konflikte, Rettungsentscheidungen und die Inszenierung riskanter Einsätze.
Drama	41	Eine wahre Geschichte	The Straight Story	1999	""
Drama	42	Der Elefantenmensch	The Elephant Man	1980	""
Drama	43	Kes	Kes	1969	""
Drama	44	Liebe	Amour	2012	""
Drama	45	Magnolia	Magnolia	1999	""
Drama	46	Requiem for a Dream	Requiem for a Dream	2000	""
Drama	47	The Wrestler	The Wrestler	2008	""
Drama	48	Into the Wild	Into the Wild	2007	""
Drama	49	Dallas Buyers Club	Dallas Buyers Club	2013	""
Drama	50	Die Welle	Die Welle	2008	""
Drama	51	Das weiße Band	Das weiße Band – Eine deutsche Kindergeschichte	2009	""
Drama	52	Abbitte	Atonement	2007	""
Drama	53	Der Vorleser	The Reader	2008	""
Drama	54	The Descendants – Familie und andere Angelegenheiten	The Descendants	2011	""
Drama	55	Boyhood	Boyhood	2014	""
Drama	56	Babel	Babel	2006	""
Drama	57	L.A. Crash	Crash	2004	""
Drama	58	Precious – Das Leben ist kostbar	Precious: Based on the Novel “Push” by Sapphire	2009	""
Drama	59	Alles über meine Mutter	Todo sobre mi madre	1999	""
Drama	60	21 Gramm	21 Grams	2003	""
Fantasy	61	Alice im Wunderland	Alice in Wonderland	2010	""
Fantasy	62	Brothers Grimm	The Brothers Grimm	2005	""
Fantasy	63	Das Kabinett des Dr. Parnassus	The Imaginarium of Doctor Parnassus	2009	""
Fantasy	64	Charlie und die Schokoladenfabrik	Charlie and the Chocolate Factory	2005	""
Fantasy	65	Percy Jackson: Diebe im Olymp	Percy Jackson & the Olympians: The Lightning Thief	2010	""
Fantasy	66	Percy Jackson: Im Bann des Zyklopen	Percy Jackson: Sea of Monsters	2013	""
Fantasy	67	Tintenherz	Inkheart	2008	""
Fantasy	68	Der Goldene Kompass	The Golden Compass	2007	""
Fantasy	69	Maleficent: Die dunkle Fee	Maleficent	2014	""
Fantasy	70	Träume	Yume	1990	""
Fantasy	71	Zauberhafte Schwestern	Practical Magic	1998	""
Fantasy	72	Hinter dem Horizont	What Dreams May Come	1998	""
Fantasy	73	Beasts of the Southern Wild	Beasts of the Southern Wild	2012	""
Fantasy	74	Lemony Snicket: Rätselhafte Ereignisse	Lemony Snicket's A Series of Unfortunate Events	2004	""
Fantasy	75	Jack and the Giants	Jack the Giant Slayer	2013	""
Fantasy	76	Die Nibelungen: Siegfried	Die Nibelungen. 1. Teil: Siegfried	1924	""
Fantasy	77	Hexen hexen	The Witches	1990	""
Fantasy	78	Die rote Schildkröte	La Tortue rouge	2016	""
Fantasy	79	Santa Clause – Eine schöne Bescherung	The Santa Clause	1994	""
Fantasy	80	Die Legende der Wächter	Legend of the Guardians: The Owls of Ga'Hoole	2010	""
Horror	81	A Quiet Place	A Quiet Place	2018	""
Horror	82	Der Unsichtbare	The Invisible Man	2020	""
Horror	83	Candyman	Candyman	1992	""
Horror	84	The Lost Boys	The Lost Boys	1987	""
Horror	85	The Autopsy of Jane Doe	The Autopsy of Jane Doe	2016	""
Horror	86	The Wailing	Gokseong	2016	""
Horror	87	Die Mächte des Wahnsinns	In the Mouth of Madness	1994	""
Horror	88	Hellraiser	Hellraiser	1987	""
Horror	89	Ravenous	Ravenous	1999	""
Horror	90	Die Unzertrennlichen	Dead Ringers	1988	""
Horror	91	Frankensteins Fluch	The Curse of Frankenstein	1957	""
Horror	92	Pontypool	Pontypool	2008	""
Horror	93	Raw	Grave	2016	""
Horror	94	One Cut of the Dead	Kamera o tomeru na!	2017	""
Horror	95	Mandy	Mandy	2018	""
Horror	96	Der Schrecken vom Amazonas	Creature from the Black Lagoon	1954	""
Horror	97	Tanz der Vampire	Dance of the Vampires	1967	""
Horror	98	Der Unsichtbare	The Invisible Man	1933	""
Horror	99	Die Farbe aus dem All	Color Out of Space	2019	""
Horror	100	Sinister	Sinister	2012	""
Western	101	The Missing	The Missing	2003	""
Western	102	Lone Ranger	The Lone Ranger	2013	""
Western	103	Bandidas	Bandidas	2006	""
Western	104	Heaven's Gate	Heaven's Gate	1980	""
Western	105	Denen man nicht vergibt	The Unforgiven	1960	""
Western	106	Alamo	The Alamo	1960	""
Western	107	Das war der wilde Westen	How the West Was Won	1962	""
Western	108	Das finstere Tal	Das finstere Tal	2014	""
Western	109	The Salvation	The Salvation	2014	""
Western	110	Red Hill	Red Hill	2010	""
Western	111	Mackenna's Gold	Mackenna's Gold	1969	""
Western	112	Rivalen unter roter Sonne	Soleil rouge	1971	""
Western	113	Nevada Smith	Nevada Smith	1966	""
Western	114	Weites Land	The Big Country	1958	""
Western	115	Ritt zum Ox-Bow	The Ox-Bow Incident	1943	""
Western	116	Faustrecht der Prärie	My Darling Clementine	1946	""
Western	117	Der Mann vom Snowy River	The Man from Snowy River	1982	""
Western	118	Der Stern des Gesetzes	The Tin Star	1957	""
Western	119	Der letzte Zug von Gun Hill	Last Train from Gun Hill	1959	""
Western	120	Bravados	The Bravados	1958	""
Komödie	121	Herr Lehmann	Herr Lehmann	2003	""
Komödie	122	Lammbock – Alles in Handarbeit	Lammbock	2001	""
Komödie	123	Midnight Run – Fünf Tage bis Mitternacht	Midnight Run	1988	""
Komödie	124	Louis und seine außerirdischen Kohlköpfe	La Soupe aux choux	1981	""
Komödie	125	A Serious Man	A Serious Man	2009	""
Komödie	126	Thank You for Smoking	Thank You for Smoking	2005	""
Komödie	127	Männer	Männer	1985	""
Komödie	128	Bowfingers große Nummer	Bowfinger	1999	""
Komödie	129	Er ist wieder da	Er ist wieder da	2015	""
Komödie	130	Fantomas gegen Interpol	Fantômas se déchaîne	1965	""
Komödie	131	Fantomas bedroht die Welt	Fantômas contre Scotland Yard	1967	""
Komödie	132	Drei Männer im Schnee	Drei Männer im Schnee	1955	""
Komödie	133	Ladykillers	The Ladykillers	2004	""
Komödie	134	Rat Race – Der nackte Wahnsinn	Rat Race	2001	""
Komödie	135	Election	Election	1999	""
Komödie	136	Männer im Wasser	Allt flyter	2008	""
Komödie	137	Der Wixxer	Der Wixxer	2004	""
Komödie	138	Neues vom Wixxer	Neues vom Wixxer	2007	""
Komödie	139	Der Schuh des Manitu	Der Schuh des Manitu	2001	""
Komödie	140	Good Boys	Good Boys	2019	""
Martial Arts & Asia-Film	141	Muay Thai Chaiya – Der Körper ist die ultimative Waffe	Chaiya	2007	""
Martial Arts & Asia-Film	142	Battle of Kingdoms – Festung der Helden	Mo gong	2006	""
Martial Arts & Asia-Film	143	Henker des Shogun	Shogun Assassin	1980	""
Martial Arts & Asia-Film	144	Savior of the Soul	Gau yat san diu hap	1991	""
Martial Arts & Asia-Film	145	Azumi – Die furchtlose Kriegerin	Azumi	2003	""
Martial Arts & Asia-Film	146	Arahan	Arahan Jangpung Daejakjeon	2004	""
Martial Arts & Asia-Film	147	Detective Dee und das Geheimnis der Phantomflammen	Di Renjie zhi tong tian di guo	2010	""
Martial Arts & Asia-Film	148	Detective Dee und der Fluch des Seeungeheuers	Di Renjie zhi shen du long wang	2013	""
Martial Arts & Asia-Film	149	War of the Arrows	Choejongbyeonggi Hwal	2011	""
Martial Arts & Asia-Film	150	Dragon Tiger Gate	Lung fu moon	2006	""
Martial Arts & Asia-Film	151	The Lost Bladesman	Guan Yun Chang	2011	""
Martial Arts & Asia-Film	152	Rurouni Kenshin	Rurouni Kenshin	2012	""
Martial Arts & Asia-Film	153	Die Rückkehr zu den 36 Kammern der Shaolin	Shao Lin da peng da shi	1980	""
Martial Arts & Asia-Film	154	Die Erben der 36 Kammern der Shaolin	Pi li shi jie	1985	""
Martial Arts & Asia-Film	155	Killer Clans – Die Herrschaft des Schwertes	Liu xing hu die jian	1976	""
Martial Arts & Asia-Film	156	Die Blutsbrüder des gelben Drachen	Ci ma	1973	""
Martial Arts & Asia-Film	157	Tai Chi Zero	Tai ji: Cong ling kai shi	2012	""
Martial Arts & Asia-Film	158	Hara-Kiri – Tod eines Samurai	Ichimei	2011	""
Martial Arts & Asia-Film	159	Redbelt	Redbelt	2008	""
Martial Arts & Asia-Film	160	Man of Tai Chi	Man of Tai Chi	2013	""
Musik	161	Rock of Ages	Rock of Ages	2012	""
Musik	162	Absolute Beginners	Absolute Beginners	1986	""
Musik	163	Burlesque	Burlesque	2010	""
Musik	164	The Beatles: Eight Days a Week – The Touring Years	The Beatles: Eight Days a Week – The Touring Years	2016	""
Musik	165	Beyond the Sea – Musik war sein Leben	Beyond the Sea	2004	""
Musik	166	The Sparks Brothers	The Sparks Brothers	2021	""
Musik	167	Moonage Daydream	Moonage Daydream	2022	""
Musik	168	Quadrophenia	Quadrophenia	1979	""
Musik	169	Tár	Tár	2022	""
Musik	170	Oliver!	Oliver!	1968	""
Musik	171	Amy – The Girl Behind the Name	Amy	2015	""
Musik	172	Searching for Sugar Man	Searching for Sugar Man	2012	""
Musik	173	Nina	Nina	2016	""
Musik	174	Judy	Judy	2019	""
Musik	175	Yesterday	Yesterday	2019	""
Musik	176	Notorious B.I.G.	Notorious	2009	""
Musik	177	I Can Only Imagine	I Can Only Imagine	2018	""
Musik	178	Sparkle	Sparkle	2012	""
Musik	179	Cats	Cats	1998	""
Musik	180	Roger Waters The Wall	Roger Waters The Wall	2014	""
Rom-Com	181	Maggies Plan	Maggie's Plan	2015	""
Rom-Com	182	Jennas Kuchen – Für Liebe gibt es kein Rezept	Waitress	2007	""
Rom-Com	183	Larry Crowne	Larry Crowne	2011	""
Rom-Com	184	L.A. Story	L.A. Story	1991	""
Rom-Com	185	Down with Love – Zum Teufel mit der Liebe!	Down with Love	2003	""
Rom-Com	186	Liebe um jeden Preis	Hors de prix	2006	""
Rom-Com	187	Beautiful Girls	Beautiful Girls	1996	""
Rom-Com	188	Der Volltreffer	The Sure Thing	1985	""
Rom-Com	189	Hallo, Mr. President	The American President	1995	""
Rom-Com	190	Manhattan Queen	Second Act	2018	""
Rom-Com	191	Juliet, Naked	Juliet, Naked	2018	""
Rom-Com	192	Dan – Mitten im Leben	Dan in Real Life	2007	""
Rom-Com	193	Die Waffen der Frauen	Working Girl	1988	""
Rom-Com	194	Indiskret	Indiscreet	1958	""
Rom-Com	195	Zusammen in Paris	Paris When It Sizzles	1964	""
Rom-Com	196	Schick mir keine Blumen	Send Me No Flowers	1964	""
Rom-Com	197	Ich war eine männliche Kriegsbraut	I Was a Male War Bride	1949	""
Rom-Com	198	Umständlich verliebt	The Switch	2010	""
Rom-Com	199	Der Auftragslover	L'Arnacœur	2010	""
Rom-Com	200	Sleeping with Other People	Sleeping with Other People	2015	""
Science-Fiction	201	Open Your Eyes	Abre los ojos	1997	""
Science-Fiction	202	Another Earth	Another Earth	2011	""
Science-Fiction	203	Europa Report	Europa Report	2013	""
Science-Fiction	204	The Final Cut – Dein Tod ist erst der Anfang	The Final Cut	2004	""
Science-Fiction	205	Frequency	Frequency	2000	""
Science-Fiction	206	Die Insel	The Island	2005	""
Science-Fiction	207	A Scanner Darkly – Der dunkle Schirm	A Scanner Darkly	2006	""
Science-Fiction	208	Westworld	Westworld	1973	""
Science-Fiction	209	Der Omega-Mann	The Omega Man	1971	""
Science-Fiction	210	Der Mann, der vom Himmel fiel	The Man Who Fell to Earth	1976	""
Science-Fiction	211	Die unglaubliche Geschichte des Mr. C.	The Incredible Shrinking Man	1957	""
Science-Fiction	212	Starman	Starman	1984	""
Science-Fiction	213	Cargo	Cargo	2009	""
Science-Fiction	214	Cypher	Cypher	2002	""
Science-Fiction	215	I Am Mother	I Am Mother	2019	""
Science-Fiction	216	Upgrade	Upgrade	2018	""
Science-Fiction	217	Prospect – Niemand überlebt allein	Prospect	2018	""
Science-Fiction	218	Aniara	Aniara	2018	""
Science-Fiction	219	Repo Man	Repo Man	1984	""
Science-Fiction	220	The Machine	The Machine	2013	""
Thriller	221	Insomnia – Todesschlaf	Insomnia	1997	""
Thriller	222	Bound – Gefesselt	Bound	1996	""
Thriller	223	Blutmond	Manhunter	1986	""
Thriller	224	Arlington Road	Arlington Road	1999	""
Thriller	225	Dämonisch	Frailty	2001	""
Thriller	226	Breakdown	Breakdown	1997	""
Thriller	227	Der einzige Zeuge	Witness	1985	""
Thriller	228	The International	The International	2009	""
Thriller	229	The Gift – Die dunkle Gabe	The Gift	2000	""
Thriller	230	Identität	Identity	2003	""
Thriller	231	Headhunters	Hodejegerne	2011	""
Thriller	232	Dressed to Kill	Dressed to Kill	1980	""
Thriller	233	Frantic	Frantic	1988	""
Thriller	234	Ein Köder für die Bestie	Cape Fear	1962	""
Thriller	235	Kap der Angst	Cape Fear	1991	""
Thriller	236	Good Time	Good Time	2017	""
Thriller	237	Green Room	Green Room	2015	""
Thriller	238	Das Versprechen	The Pledge	2001	""
Thriller	239	The Machinist	The Machinist	2004	""
Thriller	240	Sleep Tight	Mientras duermes	2011	""
Classics	241	In den Fesseln von Shangri-La	Lost Horizon	1937	""
Classics	242	Hier ist John Doe	Meet John Doe	1941	""
Classics	243	Tote schlafen fest	The Big Sleep	1946	""
Classics	244	Im Zeichen des Bösen	Touch of Evil	1958	""
Classics	245	Gangster in Key Largo	Key Largo	1948	""
Classics	246	Stalag 17	Stalag 17	1953	""
Classics	247	Wege zum Ruhm	Paths of Glory	1957	""
Classics	248	Die Caine war ihr Schicksal	The Caine Mutiny	1954	""
Classics	249	Botschafter der Angst	The Manchurian Candidate	1962	""
Classics	250	Anatomie eines Mordes	Anatomy of a Murder	1959	""
Classics	251	Die Rechnung ging nicht auf	The Killing	1956	""
Classics	252	Die Spur des Fremden	The Stranger	1946	""
Classics	253	Menschen im Hotel	Grand Hotel	1932	""
Classics	254	Verdammt in alle Ewigkeit	From Here to Eternity	1953	""
Classics	255	Flucht in Ketten	The Defiant Ones	1958	""
Classics	256	Rififi	Du rififi chez les hommes	1955	""
Classics	257	Infam	The Children’s Hour	1961	""
Classics	258	Das Urteil von Nürnberg	Judgment at Nuremberg	1961	""
Classics	259	Gilda	Gilda	1946	""
Classics	260	Im Schatten des Zweifels	Shadow of a Doubt	1943	""
Arthouse	261	Die Jungfrauenquelle	Jungfrukällan	1960	""
Arthouse	262	Der Leopard	Il Gattopardo	1963	""
Arthouse	263	Die Verachtung	Le Mépris	1963	""
Arthouse	264	Elf Uhr nachts	Pierrot le fou	1965	""
Arthouse	265	Nackt	Naked	1993	""
Arthouse	266	Kagemusha – Der Schatten des Kriegers	Kagemusha	1980	""
Arthouse	267	Ran	Ran	1985	""
Arthouse	268	Das Fest	Festen	1998	""
Arthouse	269	Carol	Carol	2015	""
Arthouse	270	Caché	Caché	2005	""
Arthouse	271	Transit	Transit	2018	""
Arthouse	272	Werk ohne Autor	Werk ohne Autor	2018	""
Arthouse	273	Fish Tank	Fish Tank	2009	""
Arthouse	274	Amores Perros	Amores perros	2000	""
Arthouse	275	Naked Lunch	Naked Lunch	1991	""
Arthouse	276	Schmetterling und Taucherglocke	Le scaphandre et le papillon	2007	""
Arthouse	277	Stranger Than Paradise	Stranger Than Paradise	1984	""
Arthouse	278	La Grande Bellezza – Die große Schönheit	La grande bellezza	2013	""
Arthouse	279	Mystery Train	Mystery Train	1989	""
Arthouse	280	The Immigrant	The Immigrant	2013	""
Schauspieler	1	Tim Robbins			Neue Person im Fragenbestand; Rollen, Zusammenarbeit, Werk und Karriere in vier Schwierigkeitsstufen.
Schauspieler	2	Sean Penn			Neue Person im Fragenbestand; Rollen, Zusammenarbeit, Werk und Karriere in vier Schwierigkeitsstufen.
Schauspieler	3	Tommy Lee Jones			Neue Person im Fragenbestand; Rollen, Zusammenarbeit, Werk und Karriere in vier Schwierigkeitsstufen.
Schauspieler	4	Dennis Hopper			Neue Person im Fragenbestand; Rollen, Zusammenarbeit, Werk und Karriere in vier Schwierigkeitsstufen.
Schauspieler	5	Casey Affleck			Neue Person im Fragenbestand; Rollen, Zusammenarbeit, Werk und Karriere in vier Schwierigkeitsstufen.
Schauspieler	6	Richard Dreyfuss			Neue Person im Fragenbestand; Rollen, Zusammenarbeit, Werk und Karriere in vier Schwierigkeitsstufen.
Schauspieler	7	Bill Paxton			Neue Person im Fragenbestand; Rollen, Zusammenarbeit, Werk und Karriere in vier Schwierigkeitsstufen.
Schauspieler	8	James Caan			Neue Person im Fragenbestand; Rollen, Zusammenarbeit, Werk und Karriere in vier Schwierigkeitsstufen.
Schauspieler	9	Peter O’Toole			Neue Person im Fragenbestand; Rollen, Zusammenarbeit, Werk und Karriere in vier Schwierigkeitsstufen.
Schauspieler	10	Forest Whitaker			Neue Person im Fragenbestand; Rollen, Zusammenarbeit, Werk und Karriere in vier Schwierigkeitsstufen.
Schauspieler	11	Demi Moore			Neue Person im Fragenbestand; Rollen, Zusammenarbeit, Werk und Karriere in vier Schwierigkeitsstufen.
Schauspieler	12	Cameron Diaz			Neue Person im Fragenbestand; Rollen, Zusammenarbeit, Werk und Karriere in vier Schwierigkeitsstufen.
Schauspieler	13	Hilary Swank			Neue Person im Fragenbestand; Rollen, Zusammenarbeit, Werk und Karriere in vier Schwierigkeitsstufen.
Schauspieler	14	Uma Thurman			Neue Person im Fragenbestand; Rollen, Zusammenarbeit, Werk und Karriere in vier Schwierigkeitsstufen.
Schauspieler	15	Annette Bening			Neue Person im Fragenbestand; Rollen, Zusammenarbeit, Werk und Karriere in vier Schwierigkeitsstufen.
Schauspieler	16	Faye Dunaway			Neue Person im Fragenbestand; Rollen, Zusammenarbeit, Werk und Karriere in vier Schwierigkeitsstufen.
Schauspieler	17	Lauren Bacall			Neue Person im Fragenbestand; Rollen, Zusammenarbeit, Werk und Karriere in vier Schwierigkeitsstufen.
Schauspieler	18	Barbara Stanwyck			Neue Person im Fragenbestand; Rollen, Zusammenarbeit, Werk und Karriere in vier Schwierigkeitsstufen.
Schauspieler	19	Judy Garland			Neue Person im Fragenbestand; Rollen, Zusammenarbeit, Werk und Karriere in vier Schwierigkeitsstufen.
Schauspieler	20	Doris Day			Neue Person im Fragenbestand; Rollen, Zusammenarbeit, Werk und Karriere in vier Schwierigkeitsstufen.
Preisträger	1	Es geschah in einer Nacht	It Happened One Night	1934	Neuer Oscar-Film im Preiseinträge-Bestand; Hauptpreis, Personen und Fachkategorien werden getrennt behandelt.
Preisträger	2	Das Appartement	The Apartment	1960	Neuer Oscar-Film im Preiseinträge-Bestand; Hauptpreis, Personen und Fachkategorien werden getrennt behandelt.
Preisträger	3	Lawrence von Arabien	Lawrence of Arabia	1962	Neuer Oscar-Film im Preiseinträge-Bestand; Hauptpreis, Personen und Fachkategorien werden getrennt behandelt.
Preisträger	4	My Fair Lady	My Fair Lady	1964	Neuer Oscar-Film im Preiseinträge-Bestand; Hauptpreis, Personen und Fachkategorien werden getrennt behandelt.
Preisträger	5	Meine Lieder – meine Träume	The Sound of Music	1965	Neuer Oscar-Film im Preiseinträge-Bestand; Hauptpreis, Personen und Fachkategorien werden getrennt behandelt.
Preisträger	6	Asphalt-Cowboy	Midnight Cowboy	1969	Neuer Oscar-Film im Preiseinträge-Bestand; Hauptpreis, Personen und Fachkategorien werden getrennt behandelt.
Preisträger	7	Brennpunkt Brooklyn	The French Connection	1971	Neuer Oscar-Film im Preiseinträge-Bestand; Hauptpreis, Personen und Fachkategorien werden getrennt behandelt.
Preisträger	8	Der Clou	The Sting	1973	Neuer Oscar-Film im Preiseinträge-Bestand; Hauptpreis, Personen und Fachkategorien werden getrennt behandelt.
Preisträger	9	Rocky	Rocky	1976	Neuer Oscar-Film im Preiseinträge-Bestand; Hauptpreis, Personen und Fachkategorien werden getrennt behandelt.
Preisträger	10	Der Stadtneurotiker	Annie Hall	1977	Neuer Oscar-Film im Preiseinträge-Bestand; Hauptpreis, Personen und Fachkategorien werden getrennt behandelt.
Preisträger	11	Die durch die Hölle gehen	The Deer Hunter	1978	Neuer Oscar-Film im Preiseinträge-Bestand; Hauptpreis, Personen und Fachkategorien werden getrennt behandelt.
Preisträger	12	Kramer gegen Kramer	Kramer vs. Kramer	1979	Neuer Oscar-Film im Preiseinträge-Bestand; Hauptpreis, Personen und Fachkategorien werden getrennt behandelt.
Preisträger	13	Eine ganz normale Familie	Ordinary People	1980	Neuer Oscar-Film im Preiseinträge-Bestand; Hauptpreis, Personen und Fachkategorien werden getrennt behandelt.
Preisträger	14	Die Stunde des Siegers	Chariots of Fire	1981	Neuer Oscar-Film im Preiseinträge-Bestand; Hauptpreis, Personen und Fachkategorien werden getrennt behandelt.
Preisträger	15	Gandhi	Gandhi	1982	Neuer Oscar-Film im Preiseinträge-Bestand; Hauptpreis, Personen und Fachkategorien werden getrennt behandelt.
Preisträger	16	Jenseits von Afrika	Out of Africa	1985	Neuer Oscar-Film im Preiseinträge-Bestand; Hauptpreis, Personen und Fachkategorien werden getrennt behandelt.
Preisträger	17	Platoon	Platoon	1986	Neuer Oscar-Film im Preiseinträge-Bestand; Hauptpreis, Personen und Fachkategorien werden getrennt behandelt.
Preisträger	18	Der letzte Kaiser	The Last Emperor	1987	Neuer Oscar-Film im Preiseinträge-Bestand; Hauptpreis, Personen und Fachkategorien werden getrennt behandelt.
Preisträger	19	Rain Man	Rain Man	1988	Neuer Oscar-Film im Preiseinträge-Bestand; Hauptpreis, Personen und Fachkategorien werden getrennt behandelt.
Preisträger	20	Braveheart	Braveheart	1995	Neuer Oscar-Film im Preiseinträge-Bestand; Hauptpreis, Personen und Fachkategorien werden getrennt behandelt.
